,Gene,Count,p value,q value,Cell
0,2410004N09Rik,3,9.648990495492171e-10,9.194109514990398e-08,endothelial
1,Lyz1,3,9.648990495492171e-10,9.194109514990398e-08,endothelial
2,Zbp1,3,9.648990495492171e-10,9.194109514990398e-08,endothelial
3,Entpd4,3,9.648990495492171e-10,9.194109514990398e-08,endothelial
4,AA467197,3,9.648990495492171e-10,9.194109514990398e-08,endothelial
5,Cdkn2a,3,9.648990495492171e-10,9.194109514990398e-08,endothelial
6,4930572J05Rik,3,9.648990495492171e-10,9.194109514990398e-08,endothelial
7,Ciita,2,1.063115929067493e-06,1.818200832533379e-05,endothelial
8,D14Ertd449e,2,1.063115929067493e-06,1.818200832533379e-05,endothelial
9,Hbb-b2,2,1.063115929067493e-06,1.818200832533379e-05,endothelial
10,Gtpbp6,2,1.063115929067493e-06,1.818200832533379e-05,endothelial
11,Pcgf2,2,1.063115929067493e-06,1.818200832533379e-05,endothelial
12,G0s2,2,1.063115929067493e-06,1.818200832533379e-05,endothelial
13,A530032D15Rik,2,1.063115929067493e-06,1.818200832533379e-05,endothelial
14,Rpgrip1,2,1.063115929067493e-06,1.818200832533379e-05,endothelial
15,Serf1,2,1.063115929067493e-06,1.818200832533379e-05,endothelial
16,Tnf,2,1.063115929067493e-06,1.818200832533379e-05,endothelial
17,Isoc2a,2,1.063115929067493e-06,1.818200832533379e-05,endothelial
18,Meis3,2,1.063115929067493e-06,1.818200832533379e-05,endothelial
19,Gvin1,2,1.063115929067493e-06,1.818200832533379e-05,endothelial
20,Ppbp,2,1.063115929067493e-06,1.818200832533379e-05,endothelial
21,1110038B12Rik,2,1.063115929067493e-06,1.818200832533379e-05,endothelial
22,Cxcl13,2,1.063115929067493e-06,1.818200832533379e-05,endothelial
23,Gdap10,2,1.063115929067493e-06,1.818200832533379e-05,endothelial
24,H2-T10,2,1.063115929067493e-06,1.818200832533379e-05,endothelial
25,Lix1l,2,1.063115929067493e-06,1.818200832533379e-05,endothelial
26,Timm8a1,2,1.063115929067493e-06,1.818200832533379e-05,endothelial
27,Pf4,2,1.063115929067493e-06,1.818200832533379e-05,endothelial
28,Hba-a1,2,1.063115929067493e-06,1.818200832533379e-05,endothelial
29,Plac9,2,1.063115929067493e-06,1.818200832533379e-05,endothelial
30,Kdm5d,2,1.063115929067493e-06,1.818200832533379e-05,endothelial
31,Ntrk3,2,1.063115929067493e-06,1.818200832533379e-05,endothelial
32,Gpm6a,2,1.063115929067493e-06,1.818200832533379e-05,endothelial
33,Slc45a3,2,1.063115929067493e-06,1.818200832533379e-05,endothelial
34,Atf5,2,1.063115929067493e-06,1.818200832533379e-05,endothelial
35,Cmbl,2,1.063115929067493e-06,1.818200832533379e-05,endothelial
36,Ngb,2,1.063115929067493e-06,1.818200832533379e-05,endothelial
37,Haghl,2,1.063115929067493e-06,1.818200832533379e-05,endothelial
38,2610019E17Rik,2,1.063115929067493e-06,1.818200832533379e-05,endothelial
39,Saa3,3,2.220446049250313e-16,3.33510996597397e-13,fibroblast
40,Vsig4,3,2.220446049250313e-16,1.667554982986985e-13,fibroblast
41,Hbb-b1,3,2.220446049250313e-16,1.1117033219913235e-13,fibroblast
42,Csf2rb2,3,2.220446049250313e-16,8.337774914934926e-14,fibroblast
43,Lyz1,3,2.220446049250313e-16,6.67021993194794e-14,fibroblast
44,Slfn2,3,2.220446049250313e-16,5.558516609956617e-14,fibroblast
45,Hba-a1,3,2.220446049250313e-16,4.7644428085342435e-14,fibroblast
46,Ccl9,3,2.220446049250313e-16,4.168887457467463e-14,fibroblast
47,Cd300lg,3,2.220446049250313e-16,3.705677739971078e-14,fibroblast
48,Lrg1,3,2.220446049250313e-16,3.33510996597397e-14,fibroblast
49,Cldn5,3,2.220446049250313e-16,3.031918150885427e-14,fibroblast
50,Myct1,3,2.220446049250313e-16,2.7792583049783086e-14,fibroblast
51,Gjb5,3,2.220446049250313e-16,2.5654692045953616e-14,fibroblast
52,Gpr182,3,2.220446049250313e-16,2.3822214042671217e-14,fibroblast
53,Cdh13,2,1.156839027005585e-05,5.429913183007465e-05,fibroblast
54,Lypd3,2,1.156839027005585e-05,5.429913183007465e-05,fibroblast
55,Irf6,2,1.156839027005585e-05,5.429913183007465e-05,fibroblast
56,Samsn1,2,1.156839027005585e-05,5.429913183007465e-05,fibroblast
57,Barx2,2,1.156839027005585e-05,5.429913183007465e-05,fibroblast
58,Ncf4,2,1.156839027005585e-05,5.429913183007465e-05,fibroblast
59,Krt84,2,1.156839027005585e-05,5.429913183007465e-05,fibroblast
60,Ms4a1,2,1.156839027005585e-05,5.429913183007465e-05,fibroblast
61,Spint1,2,1.156839027005585e-05,5.429913183007465e-05,fibroblast
62,Ccl17,2,1.156839027005585e-05,5.429913183007465e-05,fibroblast
63,Krt35,2,1.156839027005585e-05,5.429913183007465e-05,fibroblast
64,Trim29,2,1.156839027005585e-05,5.429913183007465e-05,fibroblast
65,Cd79a,2,1.156839027005585e-05,5.429913183007465e-05,fibroblast
66,Fgd2,2,1.156839027005585e-05,5.429913183007465e-05,fibroblast
67,C1qa,2,1.156839027005585e-05,5.429913183007465e-05,fibroblast
68,Ncf1,2,1.156839027005585e-05,5.429913183007465e-05,fibroblast
69,Kalrn,2,1.156839027005585e-05,5.429913183007465e-05,fibroblast
70,Ngp,2,1.156839027005585e-05,5.429913183007465e-05,fibroblast
71,Dph1,2,1.156839027005585e-05,5.429913183007465e-05,fibroblast
72,Susd3,2,1.156839027005585e-05,5.429913183007465e-05,fibroblast
73,F10,2,1.156839027005585e-05,5.429913183007465e-05,fibroblast
74,Enc1,2,1.156839027005585e-05,5.429913183007465e-05,fibroblast
75,Elac2,2,1.156839027005585e-05,5.429913183007465e-05,fibroblast
76,Cd2,2,1.156839027005585e-05,5.429913183007465e-05,fibroblast
77,Apol9b,2,1.156839027005585e-05,5.429913183007465e-05,fibroblast
78,Cd68,2,1.156839027005585e-05,5.429913183007465e-05,fibroblast
79,Gm4902,2,1.156839027005585e-05,5.429913183007465e-05,fibroblast
80,Fcrls,2,1.156839027005585e-05,5.429913183007465e-05,fibroblast
81,Esam,2,1.156839027005585e-05,5.429913183007465e-05,fibroblast
82,Lilrb4,2,1.156839027005585e-05,5.429913183007465e-05,fibroblast
83,Lrrc25,2,1.156839027005585e-05,5.429913183007465e-05,fibroblast
84,Plbd1,2,1.156839027005585e-05,5.429913183007465e-05,fibroblast
85,Notch3,2,1.156839027005585e-05,5.429913183007465e-05,fibroblast
86,Them5,2,1.156839027005585e-05,5.429913183007465e-05,fibroblast
87,Pilra,2,1.156839027005585e-05,5.429913183007465e-05,fibroblast
88,Gm12250,2,1.156839027005585e-05,5.429913183007465e-05,fibroblast
89,Itgb7,2,1.156839027005585e-05,5.429913183007465e-05,fibroblast
90,Prss34,2,1.156839027005585e-05,5.429913183007465e-05,fibroblast
91,Stab1,2,1.156839027005585e-05,5.429913183007465e-05,fibroblast
92,Vtn,2,1.156839027005585e-05,5.429913183007465e-05,fibroblast
93,Cyp4f18,2,1.156839027005585e-05,5.429913183007465e-05,fibroblast
94,Cxcr6,2,1.156839027005585e-05,5.429913183007465e-05,fibroblast
95,C5ar1,2,1.156839027005585e-05,5.429913183007465e-05,fibroblast
96,Mmp24,2,1.156839027005585e-05,5.429913183007465e-05,fibroblast
97,Rorb,2,1.156839027005585e-05,5.429913183007465e-05,fibroblast
98,Nefm,2,1.156839027005585e-05,5.429913183007465e-05,fibroblast
99,I830012O16Rik,2,1.156839027005585e-05,5.429913183007465e-05,fibroblast
100,8430408G22Rik,2,1.156839027005585e-05,5.429913183007465e-05,fibroblast
101,Niacr1,2,1.156839027005585e-05,5.429913183007465e-05,fibroblast
102,9530082P21Rik,2,1.156839027005585e-05,5.429913183007465e-05,fibroblast
103,Il2rg,2,1.156839027005585e-05,5.429913183007465e-05,fibroblast
104,Bcl2a1d,2,1.156839027005585e-05,5.429913183007465e-05,fibroblast
105,Serpinb2,2,1.156839027005585e-05,5.429913183007465e-05,fibroblast
106,Krt23,2,1.156839027005585e-05,5.429913183007465e-05,fibroblast
107,Aldh3b2,2,1.156839027005585e-05,5.429913183007465e-05,fibroblast
108,Emcn,2,1.156839027005585e-05,5.429913183007465e-05,fibroblast
109,Beta-s,2,1.156839027005585e-05,5.429913183007465e-05,fibroblast
110,Slc4a4,2,1.156839027005585e-05,5.429913183007465e-05,fibroblast
111,Bcl11b,2,1.156839027005585e-05,5.429913183007465e-05,fibroblast
112,Cd79b,2,1.156839027005585e-05,5.429913183007465e-05,fibroblast
113,Hmha1,2,1.156839027005585e-05,5.429913183007465e-05,fibroblast
114,Ncf2,2,1.156839027005585e-05,5.429913183007465e-05,fibroblast
115,Sfpi1,2,1.156839027005585e-05,5.429913183007465e-05,fibroblast
116,Ms4a3,2,1.156839027005585e-05,5.429913183007465e-05,fibroblast
117,Gpr171,2,1.156839027005585e-05,5.429913183007465e-05,fibroblast
118,Dynlt1a,2,1.156839027005585e-05,5.429913183007465e-05,fibroblast
119,Ampd3,2,1.156839027005585e-05,5.429913183007465e-05,fibroblast
120,Cd48,2,1.156839027005585e-05,5.429913183007465e-05,fibroblast
121,Syk,2,1.156839027005585e-05,5.429913183007465e-05,fibroblast
122,Inpp5d,2,1.156839027005585e-05,5.429913183007465e-05,fibroblast
123,Sla,2,1.156839027005585e-05,5.429913183007465e-05,fibroblast
124,Agpat2,2,1.156839027005585e-05,5.429913183007465e-05,fibroblast
125,Gins2,2,1.156839027005585e-05,5.429913183007465e-05,fibroblast
126,Laptm5,2,1.156839027005585e-05,5.429913183007465e-05,fibroblast
127,AB124611,2,1.156839027005585e-05,5.429913183007465e-05,fibroblast
128,AI662270,2,1.156839027005585e-05,5.429913183007465e-05,fibroblast
129,Rnf141,2,1.156839027005585e-05,5.429913183007465e-05,fibroblast
130,Lilrb3,2,1.156839027005585e-05,5.429913183007465e-05,fibroblast
131,Abcg1,2,1.156839027005585e-05,5.429913183007465e-05,fibroblast
132,Sash3,2,1.156839027005585e-05,5.429913183007465e-05,fibroblast
133,Ptpn6,2,1.156839027005585e-05,5.429913183007465e-05,fibroblast
134,Lat2,2,1.156839027005585e-05,5.429913183007465e-05,fibroblast
135,Etohd2,2,1.156839027005585e-05,5.429913183007465e-05,fibroblast
136,Ifitm6,2,1.156839027005585e-05,5.429913183007465e-05,fibroblast
137,Itga4,2,1.156839027005585e-05,5.429913183007465e-05,fibroblast
138,Lyl1,2,1.156839027005585e-05,5.429913183007465e-05,fibroblast
139,H2-Q6,2,1.156839027005585e-05,5.429913183007465e-05,fibroblast
140,Cdca8,2,1.156839027005585e-05,5.429913183007465e-05,fibroblast
141,Ms4a6d,2,1.156839027005585e-05,5.429913183007465e-05,fibroblast
142,Tnfrsf18,2,1.156839027005585e-05,5.429913183007465e-05,fibroblast
143,Nckap1l,2,1.156839027005585e-05,5.429913183007465e-05,fibroblast
144,Clec4a3,2,1.156839027005585e-05,5.429913183007465e-05,fibroblast
145,Rsad2,2,1.156839027005585e-05,5.429913183007465e-05,fibroblast
146,C3ar1,2,1.156839027005585e-05,5.429913183007465e-05,fibroblast
147,Krt13,2,1.156839027005585e-05,5.429913183007465e-05,fibroblast
148,Serpinb5,2,1.156839027005585e-05,5.429913183007465e-05,fibroblast
149,Cd36,2,1.156839027005585e-05,5.429913183007465e-05,fibroblast
150,Cd72,2,1.156839027005585e-05,5.429913183007465e-05,fibroblast
151,C1rb,2,1.156839027005585e-05,5.429913183007465e-05,fibroblast
152,H2-Ob,2,1.156839027005585e-05,5.429913183007465e-05,fibroblast
153,Rab25,2,1.156839027005585e-05,5.429913183007465e-05,fibroblast
154,Krt14,2,1.156839027005585e-05,5.429913183007465e-05,fibroblast
155,Cd274,2,1.156839027005585e-05,5.429913183007465e-05,fibroblast
156,Rac2,2,1.156839027005585e-05,5.429913183007465e-05,fibroblast
157,Shpk,2,1.156839027005585e-05,5.429913183007465e-05,fibroblast
158,Abi3,2,1.156839027005585e-05,5.429913183007465e-05,fibroblast
159,Prrt1,2,1.156839027005585e-05,5.429913183007465e-05,fibroblast
160,Aldh3b1,2,1.156839027005585e-05,5.429913183007465e-05,fibroblast
161,Rnls,2,1.156839027005585e-05,5.429913183007465e-05,fibroblast
162,Aqp7,2,1.156839027005585e-05,5.429913183007465e-05,fibroblast
163,Alas2,2,1.156839027005585e-05,5.429913183007465e-05,fibroblast
164,Fcna,2,1.156839027005585e-05,5.429913183007465e-05,fibroblast
165,Selplg,2,1.156839027005585e-05,5.429913183007465e-05,fibroblast
166,Gm9733,2,1.156839027005585e-05,5.429913183007465e-05,fibroblast
167,Fermt3,2,1.156839027005585e-05,5.429913183007465e-05,fibroblast
168,Txnl4b,2,1.156839027005585e-05,5.429913183007465e-05,fibroblast
169,Kif21b,2,1.156839027005585e-05,5.429913183007465e-05,fibroblast
170,Lad1,2,1.156839027005585e-05,5.429913183007465e-05,fibroblast
171,H2-DMa,2,1.156839027005585e-05,5.429913183007465e-05,fibroblast
172,Igj,2,1.156839027005585e-05,5.429913183007465e-05,fibroblast
173,Espn,2,1.156839027005585e-05,5.429913183007465e-05,fibroblast
174,Krtdap,2,1.156839027005585e-05,5.429913183007465e-05,fibroblast
175,Acot10,2,1.156839027005585e-05,5.429913183007465e-05,fibroblast
176,Clec4a1,2,1.156839027005585e-05,5.429913183007465e-05,fibroblast
177,Tgtp2,2,1.156839027005585e-05,5.429913183007465e-05,fibroblast
178,Nppa,2,1.156839027005585e-05,5.429913183007465e-05,fibroblast
179,Gm5803,2,1.156839027005585e-05,5.429913183007465e-05,fibroblast
180,Pld4,2,1.156839027005585e-05,5.429913183007465e-05,fibroblast
181,Dmkn,2,1.156839027005585e-05,5.429913183007465e-05,fibroblast
182,Krt5,2,1.156839027005585e-05,5.429913183007465e-05,fibroblast
183,Cyp4b1,2,1.156839027005585e-05,5.429913183007465e-05,fibroblast
184,Mlkl,2,1.156839027005585e-05,5.429913183007465e-05,fibroblast
185,Csf1r,2,1.156839027005585e-05,5.429913183007465e-05,fibroblast
186,Lgals7,2,1.156839027005585e-05,5.429913183007465e-05,fibroblast
187,Sox18,2,1.156839027005585e-05,5.429913183007465e-05,fibroblast
188,Asns,2,1.156839027005585e-05,5.429913183007465e-05,fibroblast
189,Lyve1,2,1.156839027005585e-05,5.429913183007465e-05,fibroblast
190,Tymp,2,1.156839027005585e-05,5.429913183007465e-05,fibroblast
191,Pkp3,2,1.156839027005585e-05,5.429913183007465e-05,fibroblast
192,Ms4a7,2,1.156839027005585e-05,5.429913183007465e-05,fibroblast
193,Dusp5,2,1.156839027005585e-05,5.429913183007465e-05,fibroblast
194,Cfp,2,1.156839027005585e-05,5.429913183007465e-05,fibroblast
195,Alox5ap,2,1.156839027005585e-05,5.429913183007465e-05,fibroblast
196,Gpx2,2,1.156839027005585e-05,5.429913183007465e-05,fibroblast
197,Il1b,2,1.156839027005585e-05,5.429913183007465e-05,fibroblast
198,4930599N23Rik,2,1.156839027005585e-05,5.429913183007465e-05,fibroblast
199,Ctss,2,1.156839027005585e-05,5.429913183007465e-05,fibroblast
200,Rtn4rl2,2,1.156839027005585e-05,5.429913183007465e-05,fibroblast
201,Cldn4,2,1.156839027005585e-05,5.429913183007465e-05,fibroblast
202,Gna15,2,1.156839027005585e-05,5.429913183007465e-05,fibroblast
203,Agt,2,1.156839027005585e-05,5.429913183007465e-05,fibroblast
204,Krt6a,2,1.156839027005585e-05,5.429913183007465e-05,fibroblast
205,Ly6d,2,1.156839027005585e-05,5.429913183007465e-05,fibroblast
206,Fam26f,2,1.156839027005585e-05,5.429913183007465e-05,fibroblast
207,Elane,2,1.156839027005585e-05,5.429913183007465e-05,fibroblast
208,Faim3,2,1.156839027005585e-05,5.429913183007465e-05,fibroblast
209,Clec12a,2,1.156839027005585e-05,5.429913183007465e-05,fibroblast
210,Krt24,2,1.156839027005585e-05,5.429913183007465e-05,fibroblast
211,Cytip,2,1.156839027005585e-05,5.429913183007465e-05,fibroblast
212,Kdr,2,1.156839027005585e-05,5.429913183007465e-05,fibroblast
213,Krt16,2,1.156839027005585e-05,5.429913183007465e-05,fibroblast
214,S100a14,2,1.156839027005585e-05,5.429913183007465e-05,fibroblast
215,Areg,2,1.156839027005585e-05,5.429913183007465e-05,fibroblast
216,Myl7,2,1.156839027005585e-05,5.429913183007465e-05,fibroblast
217,Isl1,2,1.156839027005585e-05,5.429913183007465e-05,fibroblast
218,Lcp2,2,1.156839027005585e-05,5.429913183007465e-05,fibroblast
219,0610010O12Rik,2,1.156839027005585e-05,5.429913183007465e-05,fibroblast
220,Coro1a,2,1.156839027005585e-05,5.429913183007465e-05,fibroblast
221,Fyb,2,1.156839027005585e-05,5.429913183007465e-05,fibroblast
222,C1qc,2,1.156839027005585e-05,5.429913183007465e-05,fibroblast
223,Pkib,2,1.156839027005585e-05,5.429913183007465e-05,fibroblast
224,Dok2,2,1.156839027005585e-05,5.429913183007465e-05,fibroblast
225,Tubb3,2,1.156839027005585e-05,5.429913183007465e-05,fibroblast
226,Actc1,2,1.156839027005585e-05,5.429913183007465e-05,fibroblast
227,Pcsk1n,2,1.156839027005585e-05,5.429913183007465e-05,fibroblast
228,Gimap7,2,1.156839027005585e-05,5.429913183007465e-05,fibroblast
229,Calm4,2,1.156839027005585e-05,5.429913183007465e-05,fibroblast
230,Sprr1a,2,1.156839027005585e-05,5.429913183007465e-05,fibroblast
231,Serpinb3a,2,1.156839027005585e-05,5.429913183007465e-05,fibroblast
232,Fcgr3,2,1.156839027005585e-05,5.429913183007465e-05,fibroblast
233,Gm11428,2,1.156839027005585e-05,5.429913183007465e-05,fibroblast
234,Csf2rb,2,1.156839027005585e-05,5.429913183007465e-05,fibroblast
235,Fcgr2b,2,1.156839027005585e-05,5.429913183007465e-05,fibroblast
236,Lcn2,2,1.156839027005585e-05,5.429913183007465e-05,fibroblast
237,Slamf8,2,1.156839027005585e-05,5.429913183007465e-05,fibroblast
238,Igfbp2,2,1.156839027005585e-05,5.429913183007465e-05,fibroblast
239,Ccr7,2,1.156839027005585e-05,5.429913183007465e-05,fibroblast
240,Krt17,2,1.156839027005585e-05,5.429913183007465e-05,fibroblast
241,Icam2,2,1.156839027005585e-05,5.429913183007465e-05,fibroblast
242,Ovol1,2,1.156839027005585e-05,5.429913183007465e-05,fibroblast
243,Spink5,2,1.156839027005585e-05,5.429913183007465e-05,fibroblast
244,Ly6g6c,2,1.156839027005585e-05,5.429913183007465e-05,fibroblast
245,Krt36,2,1.156839027005585e-05,5.429913183007465e-05,fibroblast
246,Olfr456,2,1.156839027005585e-05,5.429913183007465e-05,fibroblast
247,Tnfrsf4,2,1.156839027005585e-05,5.429913183007465e-05,fibroblast
248,Mt4,2,1.156839027005585e-05,5.429913183007465e-05,fibroblast
249,Gm16907,2,1.156839027005585e-05,5.429913183007465e-05,fibroblast
250,Ly86,2,1.156839027005585e-05,5.429913183007465e-05,fibroblast
251,Ltb,2,1.156839027005585e-05,5.429913183007465e-05,fibroblast
252,Grap,2,1.156839027005585e-05,5.429913183007465e-05,fibroblast
253,Flt1,2,1.156839027005585e-05,5.429913183007465e-05,fibroblast
254,H2-Q8,2,1.156839027005585e-05,5.429913183007465e-05,fibroblast
255,Gtse1,2,1.156839027005585e-05,5.429913183007465e-05,fibroblast
256,Casp1,2,1.156839027005585e-05,5.429913183007465e-05,fibroblast
257,Tnnt2,2,1.156839027005585e-05,5.429913183007465e-05,fibroblast
258,Gpihbp1,2,1.156839027005585e-05,5.429913183007465e-05,fibroblast
259,Cd83,2,1.156839027005585e-05,5.429913183007465e-05,fibroblast
260,Retnla,2,1.156839027005585e-05,5.429913183007465e-05,fibroblast
261,Krt6b,2,1.156839027005585e-05,5.429913183007465e-05,fibroblast
262,Snx20,2,1.156839027005585e-05,5.429913183007465e-05,fibroblast
263,Aqp3,2,1.156839027005585e-05,5.429913183007465e-05,fibroblast
264,C1qb,2,1.156839027005585e-05,5.429913183007465e-05,fibroblast
265,Fam166b,2,1.156839027005585e-05,5.429913183007465e-05,fibroblast
266,Pf4,2,1.156839027005585e-05,5.429913183007465e-05,fibroblast
267,Serinc2,2,1.156839027005585e-05,5.429913183007465e-05,fibroblast
268,Ccl22,2,1.156839027005585e-05,5.429913183007465e-05,fibroblast
269,Slc11a1,2,1.156839027005585e-05,5.429913183007465e-05,fibroblast
270,Cd3g,2,1.156839027005585e-05,5.429913183007465e-05,fibroblast
271,Zmynd15,2,1.156839027005585e-05,5.429913183007465e-05,fibroblast
272,Tnfrsf13c,2,1.156839027005585e-05,5.429913183007465e-05,fibroblast
273,Hcls1,2,1.156839027005585e-05,5.429913183007465e-05,fibroblast
274,Ucp2,2,1.156839027005585e-05,5.429913183007465e-05,fibroblast
275,AF251705,2,1.156839027005585e-05,5.429913183007465e-05,fibroblast
276,Bcl2a1b,2,1.156839027005585e-05,5.429913183007465e-05,fibroblast
277,H2-DMb2,2,1.156839027005585e-05,5.429913183007465e-05,fibroblast
278,Ms4a6c,2,1.156839027005585e-05,5.429913183007465e-05,fibroblast
279,Dpep2,2,1.156839027005585e-05,5.429913183007465e-05,fibroblast
280,Tacstd2,2,1.156839027005585e-05,5.429913183007465e-05,fibroblast
281,Cd3d,2,1.156839027005585e-05,5.429913183007465e-05,fibroblast
282,Lcp1,2,1.156839027005585e-05,5.429913183007465e-05,fibroblast
283,Myo1f,2,1.156839027005585e-05,5.429913183007465e-05,fibroblast
284,Pitx1,2,1.156839027005585e-05,5.429913183007465e-05,fibroblast
285,Pkp1,2,1.156839027005585e-05,5.429913183007465e-05,fibroblast
286,C2cd4b,2,1.156839027005585e-05,5.429913183007465e-05,fibroblast
287,Fcgr1,2,1.156839027005585e-05,5.429913183007465e-05,fibroblast
288,Vwf,2,1.156839027005585e-05,5.429913183007465e-05,fibroblast
289,Ociad2,2,1.156839027005585e-05,5.429913183007465e-05,fibroblast
290,AA467197,2,1.156839027005585e-05,5.429913183007465e-05,fibroblast
291,Ptprcap,2,1.156839027005585e-05,5.429913183007465e-05,fibroblast
292,Clec4e,2,1.156839027005585e-05,5.429913183007465e-05,fibroblast
293,1700003F12Rik,2,1.156839027005585e-05,5.429913183007465e-05,fibroblast
294,2200002D01Rik,2,1.156839027005585e-05,5.429913183007465e-05,fibroblast
295,C1qtnf9,2,1.156839027005585e-05,5.429913183007465e-05,fibroblast
296,Sncg,2,1.156839027005585e-05,5.429913183007465e-05,fibroblast
297,Il1r2,2,1.156839027005585e-05,5.429913183007465e-05,fibroblast
298,Cdk1,2,1.156839027005585e-05,5.429913183007465e-05,fibroblast
299,Arhgap25,2,1.156839027005585e-05,5.429913183007465e-05,fibroblast
300,Cldn15,2,1.156839027005585e-05,5.429913183007465e-05,fibroblast
301,Fam46b,2,1.156839027005585e-05,5.429913183007465e-05,fibroblast
302,Ifi47,2,1.156839027005585e-05,5.429913183007465e-05,fibroblast
303,Napsa,2,1.156839027005585e-05,5.429913183007465e-05,fibroblast
304,Ppp1r16b,2,1.156839027005585e-05,5.429913183007465e-05,fibroblast
305,Cd53,2,1.156839027005585e-05,5.429913183007465e-05,fibroblast
306,Il6,2,1.156839027005585e-05,5.429913183007465e-05,fibroblast
307,Anxa8,2,1.156839027005585e-05,5.429913183007465e-05,fibroblast
308,Nuak2,2,1.156839027005585e-05,5.429913183007465e-05,fibroblast
309,Cd93,2,1.156839027005585e-05,5.429913183007465e-05,fibroblast
310,Serpina3g,2,1.156839027005585e-05,5.429913183007465e-05,fibroblast
311,C130026I21Rik,2,1.156839027005585e-05,5.429913183007465e-05,fibroblast
312,Tjp3,2,1.156839027005585e-05,5.429913183007465e-05,fibroblast
313,Grrp1,2,1.156839027005585e-05,5.429913183007465e-05,fibroblast
314,Duox1,2,1.156839027005585e-05,5.429913183007465e-05,fibroblast
315,Comp,2,1.156839027005585e-05,5.429913183007465e-05,fibroblast
316,Capsl,2,1.156839027005585e-05,5.429913183007465e-05,fibroblast
317,Csrp3,2,1.156839027005585e-05,5.429913183007465e-05,fibroblast
318,Ripk3,2,1.156839027005585e-05,5.429913183007465e-05,fibroblast
319,Timp4,2,1.156839027005585e-05,5.429913183007465e-05,fibroblast
320,Tcf15,2,1.156839027005585e-05,5.429913183007465e-05,fibroblast
321,Frrs1,2,1.156839027005585e-05,5.429913183007465e-05,fibroblast
322,Cd300a,2,1.156839027005585e-05,5.429913183007465e-05,fibroblast
323,Ushbp1,2,1.156839027005585e-05,5.429913183007465e-05,fibroblast
324,Serpina3m,2,1.156839027005585e-05,5.429913183007465e-05,fibroblast
325,Fam69c,2,1.156839027005585e-05,5.429913183007465e-05,fibroblast
326,Lpcat1,2,1.156839027005585e-05,5.429913183007465e-05,fibroblast
327,Cdh5,2,1.156839027005585e-05,5.429913183007465e-05,fibroblast
328,Hp,2,1.156839027005585e-05,5.429913183007465e-05,fibroblast
329,H2-Q10,2,1.156839027005585e-05,5.429913183007465e-05,fibroblast
330,Eya2,2,1.156839027005585e-05,5.429913183007465e-05,fibroblast
331,Unc45b,2,1.156839027005585e-05,5.429913183007465e-05,fibroblast
332,Slamf9,2,1.156839027005585e-05,5.429913183007465e-05,fibroblast
333,Egfl7,2,1.156839027005585e-05,5.429913183007465e-05,fibroblast
334,Fhl2,2,1.156839027005585e-05,5.429913183007465e-05,fibroblast
335,Ecscr,2,1.156839027005585e-05,5.429913183007465e-05,fibroblast
336,Ramp3,2,1.156839027005585e-05,5.429913183007465e-05,fibroblast
337,Gmfg,2,1.156839027005585e-05,5.429913183007465e-05,fibroblast
338,Adora2b,2,1.156839027005585e-05,5.429913183007465e-05,fibroblast
339,Cxcl13,2,1.156839027005585e-05,5.429913183007465e-05,fibroblast
340,Haao,2,1.156839027005585e-05,5.429913183007465e-05,fibroblast
341,Lat,2,1.156839027005585e-05,5.429913183007465e-05,fibroblast
342,Cdca3,2,1.156839027005585e-05,5.429913183007465e-05,fibroblast
343,Plscr2,2,1.156839027005585e-05,5.429913183007465e-05,fibroblast
344,S1pr4,2,1.156839027005585e-05,5.429913183007465e-05,fibroblast
345,Rnd2,2,1.156839027005585e-05,5.429913183007465e-05,fibroblast
346,Tcap,2,1.156839027005585e-05,5.429913183007465e-05,fibroblast
347,Glipr1,2,1.156839027005585e-05,5.429913183007465e-05,fibroblast
348,Cdc20,2,1.156839027005585e-05,5.429913183007465e-05,fibroblast
349,Arhgef15,2,1.156839027005585e-05,5.429913183007465e-05,fibroblast
350,Stmn2,2,1.156839027005585e-05,5.429913183007465e-05,fibroblast
351,Hck,2,1.156839027005585e-05,5.429913183007465e-05,fibroblast
352,Ugt1a7c,2,1.156839027005585e-05,5.429913183007465e-05,fibroblast
353,Gm8580,2,1.156839027005585e-05,5.429913183007465e-05,fibroblast
354,Ltbp2,2,1.156839027005585e-05,5.429913183007465e-05,fibroblast
355,Gimap1,2,1.156839027005585e-05,5.429913183007465e-05,fibroblast
356,Wdfy4,2,1.156839027005585e-05,5.429913183007465e-05,fibroblast
357,Cxcl2,2,1.156839027005585e-05,5.429913183007465e-05,fibroblast
358,Clic5,2,1.156839027005585e-05,5.429913183007465e-05,fibroblast
359,Lcn2,4,2.2098511909263152e-10,1.0712253648015313e-07,macrophage
360,Chi3l3,4,2.2098511909263152e-10,1.0712253648015313e-07,macrophage
361,Hba-a1,4,2.2098511909263152e-10,1.0712253648015313e-07,macrophage
362,Prtn3,4,2.2098511909263152e-10,1.0712253648015313e-07,macrophage
363,Elane,3,1.6060431717868084e-07,1.730065394497012e-05,macrophage
364,F5,3,1.6060431717868084e-07,1.730065394497012e-05,macrophage
365,1100001G20Rik,3,1.6060431717868084e-07,1.730065394497012e-05,macrophage
366,Mmp8,3,1.6060431717868084e-07,1.730065394497012e-05,macrophage
367,Lrg1,3,1.6060431717868084e-07,1.730065394497012e-05,macrophage
368,Fpr1,3,1.6060431717868084e-07,1.730065394497012e-05,macrophage
369,Fpr2,3,1.6060431717868084e-07,1.730065394497012e-05,macrophage
370,Cd177,3,1.6060431717868084e-07,1.730065394497012e-05,macrophage
371,Retnlg,3,1.6060431717868084e-07,1.730065394497012e-05,macrophage
372,Apoc1,3,1.6060431717868084e-07,1.730065394497012e-05,macrophage
373,LOC545261,3,1.6060431717868084e-07,1.730065394497012e-05,macrophage
374,Irg1,3,1.6060431717868084e-07,1.730065394497012e-05,macrophage
375,Saa3,3,1.6060431717868084e-07,1.730065394497012e-05,macrophage
376,Hbb-b1,3,1.6060431717868084e-07,1.730065394497012e-05,macrophage
377,Mrap,2,3.4753908269569145e-05,0.000443340974570359,macrophage
378,Ms4a3,2,3.4753908269569145e-05,0.000443340974570359,macrophage
379,Ikbke,2,3.4753908269569145e-05,0.000443340974570359,macrophage
380,Tiam1,2,3.4753908269569145e-05,0.000443340974570359,macrophage
381,Nhsl2,2,3.4753908269569145e-05,0.000443340974570359,macrophage
382,Pqlc2,2,3.4753908269569145e-05,0.000443340974570359,macrophage
383,Gm7609,2,3.4753908269569145e-05,0.000443340974570359,macrophage
384,Vsig4,2,3.4753908269569145e-05,0.000443340974570359,macrophage
385,Gba2,2,3.4753908269569145e-05,0.000443340974570359,macrophage
386,Rab34,2,3.4753908269569145e-05,0.000443340974570359,macrophage
387,Gm15987,2,3.4753908269569145e-05,0.000443340974570359,macrophage
388,Ccne1,2,3.4753908269569145e-05,0.000443340974570359,macrophage
389,Slc6a8,2,3.4753908269569145e-05,0.000443340974570359,macrophage
390,Gm14005,2,3.4753908269569145e-05,0.000443340974570359,macrophage
391,Tacstd2,2,3.4753908269569145e-05,0.000443340974570359,macrophage
392,Wdr76,2,3.4753908269569145e-05,0.000443340974570359,macrophage
393,Sco2,2,3.4753908269569145e-05,0.000443340974570359,macrophage
394,B430306N03Rik,2,3.4753908269569145e-05,0.000443340974570359,macrophage
395,Pcyox1l,2,3.4753908269569145e-05,0.000443340974570359,macrophage
396,Tmem40,2,3.4753908269569145e-05,0.000443340974570359,macrophage
397,Vcan,2,3.4753908269569145e-05,0.000443340974570359,macrophage
398,Hist1h3i,2,3.4753908269569145e-05,0.000443340974570359,macrophage
399,Mocs1,2,3.4753908269569145e-05,0.000443340974570359,macrophage
400,Gm5150,2,3.4753908269569145e-05,0.000443340974570359,macrophage
401,Gpt,2,3.4753908269569145e-05,0.000443340974570359,macrophage
402,A530064D06Rik,2,3.4753908269569145e-05,0.000443340974570359,macrophage
403,Mr1,2,3.4753908269569145e-05,0.000443340974570359,macrophage
404,Igj,2,3.4753908269569145e-05,0.000443340974570359,macrophage
405,Fahd2a,2,3.4753908269569145e-05,0.000443340974570359,macrophage
406,Trem1,2,3.4753908269569145e-05,0.000443340974570359,macrophage
407,C1rl,2,3.4753908269569145e-05,0.000443340974570359,macrophage
408,Apoc2,2,3.4753908269569145e-05,0.000443340974570359,macrophage
409,Cxcr5,2,3.4753908269569145e-05,0.000443340974570359,macrophage
410,Slfn4,2,3.4753908269569145e-05,0.000443340974570359,macrophage
411,D730040F13Rik,2,3.4753908269569145e-05,0.000443340974570359,macrophage
412,Mfsd2b,2,3.4753908269569145e-05,0.000443340974570359,macrophage
413,Sdpr,2,3.4753908269569145e-05,0.000443340974570359,macrophage
414,Galnt6,2,3.4753908269569145e-05,0.000443340974570359,macrophage
415,Slc36a1,2,3.4753908269569145e-05,0.000443340974570359,macrophage
416,Rarres2,2,3.4753908269569145e-05,0.000443340974570359,macrophage
417,Ccl24,2,3.4753908269569145e-05,0.000443340974570359,macrophage
418,Fcnb,2,3.4753908269569145e-05,0.000443340974570359,macrophage
419,Cp,2,3.4753908269569145e-05,0.000443340974570359,macrophage
420,Padi4,2,3.4753908269569145e-05,0.000443340974570359,macrophage
421,Svip,2,3.4753908269569145e-05,0.000443340974570359,macrophage
422,Fam20c,2,3.4753908269569145e-05,0.000443340974570359,macrophage
423,Inhba,2,3.4753908269569145e-05,0.000443340974570359,macrophage
424,Slpi,2,3.4753908269569145e-05,0.000443340974570359,macrophage
425,Plxna1,2,3.4753908269569145e-05,0.000443340974570359,macrophage
426,Tpcn2,2,3.4753908269569145e-05,0.000443340974570359,macrophage
427,Cd300lf,2,3.4753908269569145e-05,0.000443340974570359,macrophage
428,Aqp3,2,3.4753908269569145e-05,0.000443340974570359,macrophage
429,Il1f9,2,3.4753908269569145e-05,0.000443340974570359,macrophage
430,Gm5483,2,3.4753908269569145e-05,0.000443340974570359,macrophage
431,Mlst8,2,3.4753908269569145e-05,0.000443340974570359,macrophage
432,Cebpe,2,3.4753908269569145e-05,0.000443340974570359,macrophage
433,Ccdc92,2,3.4753908269569145e-05,0.000443340974570359,macrophage
434,Nup107,2,3.4753908269569145e-05,0.000443340974570359,macrophage
435,Cd300e,2,3.4753908269569145e-05,0.000443340974570359,macrophage
436,Rnf128,2,3.4753908269569145e-05,0.000443340974570359,macrophage
437,Akr1b8,2,3.4753908269569145e-05,0.000443340974570359,macrophage
438,Cald1,2,3.4753908269569145e-05,0.000443340974570359,macrophage
439,Stfa2l1,2,3.4753908269569145e-05,0.000443340974570359,macrophage
440,Gprc5c,2,3.4753908269569145e-05,0.000443340974570359,macrophage
441,Lhfpl2,2,3.4753908269569145e-05,0.000443340974570359,macrophage
442,Ly6g6c,2,3.4753908269569145e-05,0.000443340974570359,macrophage
443,Ankrd37,2,3.4753908269569145e-05,0.000443340974570359,macrophage
444,F2rl2,2,3.4753908269569145e-05,0.000443340974570359,macrophage
445,C1qtnf1,2,3.4753908269569145e-05,0.000443340974570359,macrophage
446,Chi3l1,2,3.4753908269569145e-05,0.000443340974570359,macrophage
447,9530059O14Rik,2,3.4753908269569145e-05,0.000443340974570359,macrophage
448,Cd38,2,3.4753908269569145e-05,0.000443340974570359,macrophage
449,Phyhd1,2,3.4753908269569145e-05,0.000443340974570359,macrophage
450,Cdc42ep5,2,3.4753908269569145e-05,0.000443340974570359,macrophage
451,Fhl1,2,3.4753908269569145e-05,0.000443340974570359,macrophage
452,Pdzk1ip1,2,3.4753908269569145e-05,0.000443340974570359,macrophage
453,Mcoln2,2,3.4753908269569145e-05,0.000443340974570359,macrophage
454,Ltf,2,3.4753908269569145e-05,0.000443340974570359,macrophage
455,Pnp2,2,3.4753908269569145e-05,0.000443340974570359,macrophage
456,Atp6v0c-ps2,2,3.4753908269569145e-05,0.000443340974570359,macrophage
457,Hp,2,3.4753908269569145e-05,0.000443340974570359,macrophage
458,Cox7a1,2,3.4753908269569145e-05,0.000443340974570359,macrophage
459,Endou,2,3.4753908269569145e-05,0.000443340974570359,macrophage
460,Cd200r4,2,3.4753908269569145e-05,0.000443340974570359,macrophage
461,Abcc9,2,3.4753908269569145e-05,0.000443340974570359,macrophage
462,5730528L13Rik,2,3.4753908269569145e-05,0.000443340974570359,macrophage
463,Bdh2,2,3.4753908269569145e-05,0.000443340974570359,macrophage
464,Adamtsl5,2,3.4753908269569145e-05,0.000443340974570359,macrophage
465,Ace,2,3.4753908269569145e-05,0.000443340974570359,macrophage
466,Dmkn,2,3.4753908269569145e-05,0.000443340974570359,macrophage
467,Oas3,2,3.4753908269569145e-05,0.000443340974570359,macrophage
468,Ndrg1,2,3.4753908269569145e-05,0.000443340974570359,macrophage
469,Nfe2,2,3.4753908269569145e-05,0.000443340974570359,macrophage
470,Niacr1,2,3.4753908269569145e-05,0.000443340974570359,macrophage
471,G0s2,2,3.4753908269569145e-05,0.000443340974570359,macrophage
472,Ces1d,2,3.4753908269569145e-05,0.000443340974570359,macrophage
473,H2-M2,2,3.4753908269569145e-05,0.000443340974570359,macrophage
474,Fcna,2,3.4753908269569145e-05,0.000443340974570359,macrophage
475,Mefv,2,3.4753908269569145e-05,0.000443340974570359,macrophage
476,Cd207,2,3.4753908269569145e-05,0.000443340974570359,macrophage
477,Adcy6,2,3.4753908269569145e-05,0.000443340974570359,macrophage
478,Galnt9,2,3.4753908269569145e-05,0.000443340974570359,macrophage
479,Hmgb3,2,3.4753908269569145e-05,0.000443340974570359,macrophage
480,1700112E06Rik,2,3.4753908269569145e-05,0.000443340974570359,macrophage
481,Hdc,2,3.4753908269569145e-05,0.000443340974570359,macrophage
482,Zfp944,2,3.4753908269569145e-05,0.000443340974570359,macrophage
483,Dennd5b,2,3.4753908269569145e-05,0.000443340974570359,macrophage
484,Hs1bp3,2,3.4753908269569145e-05,0.000443340974570359,macrophage
485,Rasgrp1,2,3.4753908269569145e-05,0.000443340974570359,macrophage
486,Syngr1,2,3.4753908269569145e-05,0.000443340974570359,macrophage
487,Hmgcs2,2,3.4753908269569145e-05,0.000443340974570359,macrophage
488,Cyp1b1,2,3.4753908269569145e-05,0.000443340974570359,macrophage
489,Camp,2,3.4753908269569145e-05,0.000443340974570359,macrophage
490,C7,2,3.4753908269569145e-05,0.000443340974570359,macrophage
491,Nr2f2,2,3.4753908269569145e-05,0.000443340974570359,macrophage
492,Fam117a,2,3.4753908269569145e-05,0.000443340974570359,macrophage
493,C1ra,2,3.4753908269569145e-05,0.000443340974570359,macrophage
494,8430427H17Rik,2,3.4753908269569145e-05,0.000443340974570359,macrophage
495,Ms4a8a,2,3.4753908269569145e-05,0.000443340974570359,macrophage
496,Serpine2,2,3.4753908269569145e-05,0.000443340974570359,macrophage
497,Cyp4b1,2,3.4753908269569145e-05,0.000443340974570359,macrophage
498,Pik3r2,2,3.4753908269569145e-05,0.000443340974570359,macrophage
499,Bmx,2,3.4753908269569145e-05,0.000443340974570359,macrophage
500,Dem1,2,3.4753908269569145e-05,0.000443340974570359,macrophage
501,Ank3,2,3.4753908269569145e-05,0.000443340974570359,macrophage
502,Dmpk,2,3.4753908269569145e-05,0.000443340974570359,macrophage
503,Gpnmb,2,3.4753908269569145e-05,0.000443340974570359,macrophage
504,Pir,2,3.4753908269569145e-05,0.000443340974570359,macrophage
505,Treml2,2,3.4753908269569145e-05,0.000443340974570359,macrophage
506,Lyve1,2,3.4753908269569145e-05,0.000443340974570359,macrophage
507,Fam55d,2,3.4753908269569145e-05,0.000443340974570359,macrophage
508,Polrmt,2,3.4753908269569145e-05,0.000443340974570359,macrophage
509,Mapk13,2,3.4753908269569145e-05,0.000443340974570359,macrophage
510,Penk,2,3.4753908269569145e-05,0.000443340974570359,macrophage
