,Gene,Count,p value,q value
0,Hba-a1,29,0.0,0.0
1,Hbb-b1,20,0.0,0.0
2,Gm11428,19,0.0,0.0
3,Vsig4,18,0.0,0.0
4,Saa3,18,0.0,0.0
5,Cxcl13,17,0.0,0.0
6,Igj,17,0.0,0.0
7,Hbb-b2,15,0.0,0.0
8,Elane,15,0.0,0.0
9,Fcna,15,0.0,0.0
10,Slpi,14,3.3306690738754696e-16,2.920391201593537e-13
11,Ccl5,13,1.554312234475219e-14,9.36958843844593e-12
12,Lilrb4,13,1.554312234475219e-14,9.36958843844593e-12
13,Gp49a,13,1.554312234475219e-14,9.36958843844593e-12
14,Pf4,13,1.554312234475219e-14,9.36958843844593e-12
15,H2-Q8,13,1.554312234475219e-14,9.36958843844593e-12
16,AA467197,12,4.982680934517703e-13,2.1844526187919655e-10
17,Kcnj8,12,4.982680934517703e-13,2.1844526187919655e-10
18,C130026I21Rik,12,4.982680934517703e-13,2.1844526187919655e-10
19,Lyz1,12,4.982680934517703e-13,2.1844526187919655e-10
20,Ms4a6d,12,4.982680934517703e-13,2.1844526187919655e-10
21,Snca,12,4.982680934517703e-13,2.1844526187919655e-10
22,Cdkn2a,11,1.3858025837976129e-11,3.612450248845399e-09
23,Il1b,11,1.3858025837976129e-11,3.612450248845399e-09
24,Cybb,11,1.3858025837976129e-11,3.612450248845399e-09
25,Tnfrsf13c,11,1.3858025837976129e-11,3.612450248845399e-09
26,Ltb,11,1.3858025837976129e-11,3.612450248845399e-09
27,Ncf4,11,1.3858025837976129e-11,3.612450248845399e-09
28,Cxcr3,11,1.3858025837976129e-11,3.612450248845399e-09
29,Bcl2a1b,11,1.3858025837976129e-11,3.612450248845399e-09
30,Napsa,11,1.3858025837976129e-11,3.612450248845399e-09
31,Cyp4f18,11,1.3858025837976129e-11,3.612450248845399e-09
32,Csf2rb2,11,1.3858025837976129e-11,3.612450248845399e-09
33,Ms4a4b,11,1.3858025837976129e-11,3.612450248845399e-09
34,Prtn3,11,1.3858025837976129e-11,3.612450248845399e-09
35,2010001M09Rik,11,1.3858025837976129e-11,3.612450248845399e-09
36,Serpina3g,11,1.3858025837976129e-11,3.612450248845399e-09
37,H2-Q6,10,3.344591270604269e-10,5.561824621547961e-08
38,Bcl2a1d,10,3.344591270604269e-10,5.561824621547961e-08
39,Ramp3,10,3.344591270604269e-10,5.561824621547961e-08
40,Rgs1,10,3.344591270604269e-10,5.561824621547961e-08
41,Lrg1,10,3.344591270604269e-10,5.561824621547961e-08
42,Hba-a2,10,3.344591270604269e-10,5.561824621547961e-08
43,Gm7609,10,3.344591270604269e-10,5.561824621547961e-08
44,2200002D01Rik,10,3.344591270604269e-10,5.561824621547961e-08
45,Cd3g,10,3.344591270604269e-10,5.561824621547961e-08
46,Ltb4r1,10,3.344591270604269e-10,5.561824621547961e-08
47,Csprs,10,3.344591270604269e-10,5.561824621547961e-08
48,Ms4a6c,10,3.344591270604269e-10,5.561824621547961e-08
49,Lcn2,10,3.344591270604269e-10,5.561824621547961e-08
50,Fgr,10,3.344591270604269e-10,5.561824621547961e-08
51,Plscr2,10,3.344591270604269e-10,5.561824621547961e-08
52,Mnda,10,3.344591270604269e-10,5.561824621547961e-08
53,Ms4a7,10,3.344591270604269e-10,5.561824621547961e-08
54,Cfp,10,3.344591270604269e-10,5.561824621547961e-08
55,Alas2,10,3.344591270604269e-10,5.561824621547961e-08
56,Slfn2,10,3.344591270604269e-10,5.561824621547961e-08
57,Lat,10,3.344591270604269e-10,5.561824621547961e-08
58,1810033B17Rik,9,6.960487741736188e-09,7.992131460600658e-07
59,Fpr1,9,6.960487741736188e-09,7.992131460600658e-07
60,Gpr18,9,6.960487741736188e-09,7.992131460600658e-07
61,Cd72,9,6.960487741736188e-09,7.992131460600658e-07
62,Timp4,9,6.960487741736188e-09,7.992131460600658e-07
63,Cd5l,9,6.960487741736188e-09,7.992131460600658e-07
64,Traf1,9,6.960487741736188e-09,7.992131460600658e-07
65,Ccl7,9,6.960487741736188e-09,7.992131460600658e-07
66,Myct1,9,6.960487741736188e-09,7.992131460600658e-07
67,Atp6v0c-ps2,9,6.960487741736188e-09,7.992131460600658e-07
68,Penk,9,6.960487741736188e-09,7.992131460600658e-07
69,Cebpe,9,6.960487741736188e-09,7.992131460600658e-07
70,H2-DMb1,9,6.960487741736188e-09,7.992131460600658e-07
71,Nkg7,9,6.960487741736188e-09,7.992131460600658e-07
72,Clec4n,9,6.960487741736188e-09,7.992131460600658e-07
73,Il6,9,6.960487741736188e-09,7.992131460600658e-07
74,Ms4a1,9,6.960487741736188e-09,7.992131460600658e-07
75,Vwf,9,6.960487741736188e-09,7.992131460600658e-07
76,H2-DMb2,9,6.960487741736188e-09,7.992131460600658e-07
77,Cd163,9,6.960487741736188e-09,7.992131460600658e-07
78,Ecscr,9,6.960487741736188e-09,7.992131460600658e-07
79,A430084P05Rik,9,6.960487741736188e-09,7.992131460600658e-07
80,Cd7,9,6.960487741736188e-09,7.992131460600658e-07
81,Ccl3,9,6.960487741736188e-09,7.992131460600658e-07
82,Cd40,9,6.960487741736188e-09,7.992131460600658e-07
83,Gimap3,9,6.960487741736188e-09,7.992131460600658e-07
84,Csf2rb,8,1.2392720127873957e-07,8.919984002488382e-06
85,Aif1,8,1.2392720127873957e-07,8.919984002488382e-06
86,1700112E06Rik,8,1.2392720127873957e-07,8.919984002488382e-06
87,Rorb,8,1.2392720127873957e-07,8.919984002488382e-06
88,Ccl17,8,1.2392720127873957e-07,8.919984002488382e-06
89,Hp,8,1.2392720127873957e-07,8.919984002488382e-06
90,C4b,8,1.2392720127873957e-07,8.919984002488382e-06
91,Emcn,8,1.2392720127873957e-07,8.919984002488382e-06
92,Ccl9,8,1.2392720127873957e-07,8.919984002488382e-06
93,Ifi47,8,1.2392720127873957e-07,8.919984002488382e-06
94,S1pr4,8,1.2392720127873957e-07,8.919984002488382e-06
95,Zc3h12d,8,1.2392720127873957e-07,8.919984002488382e-06
96,Naip2,8,1.2392720127873957e-07,8.919984002488382e-06
97,Grrp1,8,1.2392720127873957e-07,8.919984002488382e-06
98,Ccl8,8,1.2392720127873957e-07,8.919984002488382e-06
99,Asns,8,1.2392720127873957e-07,8.919984002488382e-06
100,Lilrb3,8,1.2392720127873957e-07,8.919984002488382e-06
101,Cd300lg,8,1.2392720127873957e-07,8.919984002488382e-06
102,Retnlg,8,1.2392720127873957e-07,8.919984002488382e-06
103,Fcnb,8,1.2392720127873957e-07,8.919984002488382e-06
104,1100001G20Rik,8,1.2392720127873957e-07,8.919984002488382e-06
105,4930506M07Rik,8,1.2392720127873957e-07,8.919984002488382e-06
106,Cd2,8,1.2392720127873957e-07,8.919984002488382e-06
107,Clec12a,8,1.2392720127873957e-07,8.919984002488382e-06
108,Lrrc25,8,1.2392720127873957e-07,8.919984002488382e-06
109,Lyve1,8,1.2392720127873957e-07,8.919984002488382e-06
110,Ptprc,8,1.2392720127873957e-07,8.919984002488382e-06
111,Sh2d2a,8,1.2392720127873957e-07,8.919984002488382e-06
112,Hdc,8,1.2392720127873957e-07,8.919984002488382e-06
113,Pilra,8,1.2392720127873957e-07,8.919984002488382e-06
114,Slamf9,8,1.2392720127873957e-07,8.919984002488382e-06
115,Tnfrsf4,8,1.2392720127873957e-07,8.919984002488382e-06
116,Apol9b,8,1.2392720127873957e-07,8.919984002488382e-06
117,Folr2,8,1.2392720127873957e-07,8.919984002488382e-06
118,Ms4a3,8,1.2392720127873957e-07,8.919984002488382e-06
119,Blk,8,1.2392720127873957e-07,8.919984002488382e-06
120,Meis3,8,1.2392720127873957e-07,8.919984002488382e-06
121,Retnla,8,1.2392720127873957e-07,8.919984002488382e-06
122,Gimap4,8,1.2392720127873957e-07,8.919984002488382e-06
123,Amica1,8,1.2392720127873957e-07,8.919984002488382e-06
124,Ccl6,8,1.2392720127873957e-07,8.919984002488382e-06
125,Clec4a2,8,1.2392720127873957e-07,8.919984002488382e-06
126,S100a4,8,1.2392720127873957e-07,8.919984002488382e-06
127,Gm12250,8,1.2392720127873957e-07,8.919984002488382e-06
128,Faim3,8,1.2392720127873957e-07,8.919984002488382e-06
129,Rspo1,8,1.2392720127873957e-07,8.919984002488382e-06
130,Beta-s,8,1.2392720127873957e-07,8.919984002488382e-06
131,4931408D14Rik,8,1.2392720127873957e-07,8.919984002488382e-06
132,Espn,8,1.2392720127873957e-07,8.919984002488382e-06
133,Mapk11,8,1.2392720127873957e-07,8.919984002488382e-06
134,Apoc2,7,1.869509766327937e-06,7.908518287821471e-05
135,Mpo,7,1.869509766327937e-06,7.908518287821471e-05
136,Cd19,7,1.869509766327937e-06,7.908518287821471e-05
137,Cd79b,7,1.869509766327937e-06,7.908518287821471e-05
138,Gm4951,7,1.869509766327937e-06,7.908518287821471e-05
139,Zbp1,7,1.869509766327937e-06,7.908518287821471e-05
140,Ccl4,7,1.869509766327937e-06,7.908518287821471e-05
141,Ch25h,7,1.869509766327937e-06,7.908518287821471e-05
142,Sncg,7,1.869509766327937e-06,7.908518287821471e-05
143,Gpihbp1,7,1.869509766327937e-06,7.908518287821471e-05
144,Ifit3,7,1.869509766327937e-06,7.908518287821471e-05
145,Sftpc,7,1.869509766327937e-06,7.908518287821471e-05
146,Cst7,7,1.869509766327937e-06,7.908518287821471e-05
147,Adam8,7,1.869509766327937e-06,7.908518287821471e-05
148,Cd48,7,1.869509766327937e-06,7.908518287821471e-05
149,Oas1a,7,1.869509766327937e-06,7.908518287821471e-05
150,Ccl11,7,1.869509766327937e-06,7.908518287821471e-05
151,Ube2c,7,1.869509766327937e-06,7.908518287821471e-05
152,Uchl1,7,1.869509766327937e-06,7.908518287821471e-05
153,Zbtb7c,7,1.869509766327937e-06,7.908518287821471e-05
154,Serpinb6b,7,1.869509766327937e-06,7.908518287821471e-05
155,Vtn,7,1.869509766327937e-06,7.908518287821471e-05
156,Ctsw,7,1.869509766327937e-06,7.908518287821471e-05
157,Tspan32,7,1.869509766327937e-06,7.908518287821471e-05
158,Fpr2,7,1.869509766327937e-06,7.908518287821471e-05
159,Nfe2,7,1.869509766327937e-06,7.908518287821471e-05
160,H2-Oa,7,1.869509766327937e-06,7.908518287821471e-05
161,4930572J05Rik,7,1.869509766327937e-06,7.908518287821471e-05
162,Rnase6,7,1.869509766327937e-06,7.908518287821471e-05
163,Glipr1,7,1.869509766327937e-06,7.908518287821471e-05
164,Ifi204,7,1.869509766327937e-06,7.908518287821471e-05
165,Actc1,7,1.869509766327937e-06,7.908518287821471e-05
166,Birc5,7,1.869509766327937e-06,7.908518287821471e-05
167,Gimap7,7,1.869509766327937e-06,7.908518287821471e-05
168,Snx20,7,1.869509766327937e-06,7.908518287821471e-05
169,Slc4a1,7,1.869509766327937e-06,7.908518287821471e-05
170,Ccnb2,7,1.869509766327937e-06,7.908518287821471e-05
171,Mpeg1,7,1.869509766327937e-06,7.908518287821471e-05
172,Pilrb2,7,1.869509766327937e-06,7.908518287821471e-05
173,Ebi3,7,1.869509766327937e-06,7.908518287821471e-05
174,Inhbb,7,1.869509766327937e-06,7.908518287821471e-05
175,Gm15987,7,1.869509766327937e-06,7.908518287821471e-05
176,Calml3,7,1.869509766327937e-06,7.908518287821471e-05
177,Dok2,7,1.869509766327937e-06,7.908518287821471e-05
178,Cd207,7,1.869509766327937e-06,7.908518287821471e-05
179,Cxcr6,7,1.869509766327937e-06,7.908518287821471e-05
180,Gimap1,7,1.869509766327937e-06,7.908518287821471e-05
181,Ltbp2,7,1.869509766327937e-06,7.908518287821471e-05
182,Gypa,7,1.869509766327937e-06,7.908518287821471e-05
183,Ccr6,7,1.869509766327937e-06,7.908518287821471e-05
184,Iigp1,7,1.869509766327937e-06,7.908518287821471e-05
185,Slamf7,7,1.869509766327937e-06,7.908518287821471e-05
186,Stmn2,7,1.869509766327937e-06,7.908518287821471e-05
187,Pstpip1,7,1.869509766327937e-06,7.908518287821471e-05
188,Ube2l6,7,1.869509766327937e-06,7.908518287821471e-05
189,Cd177,7,1.869509766327937e-06,7.908518287821471e-05
190,Tnfrsf9,7,1.869509766327937e-06,7.908518287821471e-05
191,Camp,7,1.869509766327937e-06,7.908518287821471e-05
192,Gm13315,7,1.869509766327937e-06,7.908518287821471e-05
193,Pglyrp1,7,1.869509766327937e-06,7.908518287821471e-05
194,Chi3l3,7,1.869509766327937e-06,7.908518287821471e-05
195,Ccr7,7,1.869509766327937e-06,7.908518287821471e-05
196,Bank1,7,1.869509766327937e-06,7.908518287821471e-05
197,Upp1,7,1.869509766327937e-06,7.908518287821471e-05
198,Cdkn2b,7,1.869509766327937e-06,7.908518287821471e-05
199,Trem3,7,1.869509766327937e-06,7.908518287821471e-05
200,Ccr1,7,1.869509766327937e-06,7.908518287821471e-05
201,H2-T10,7,1.869509766327937e-06,7.908518287821471e-05
202,Sfpi1,7,1.869509766327937e-06,7.908518287821471e-05
203,Phlda3,7,1.869509766327937e-06,7.908518287821471e-05
204,Ms4a4c,7,1.869509766327937e-06,7.908518287821471e-05
205,Zmynd15,7,1.869509766327937e-06,7.908518287821471e-05
206,Ifitm6,7,1.869509766327937e-06,7.908518287821471e-05
207,Ncf2,7,1.869509766327937e-06,7.908518287821471e-05
208,Lyl1,7,1.869509766327937e-06,7.908518287821471e-05
209,Wisp2,7,1.869509766327937e-06,7.908518287821471e-05
210,Sox18,7,1.869509766327937e-06,7.908518287821471e-05
211,G0s2,7,1.869509766327937e-06,7.908518287821471e-05
212,Rsad2,7,1.869509766327937e-06,7.908518287821471e-05
213,Meox1,7,1.869509766327937e-06,7.908518287821471e-05
214,Fcgr2b,7,1.869509766327937e-06,7.908518287821471e-05
215,Pigz,7,1.869509766327937e-06,7.908518287821471e-05
216,Ankrd37,7,1.869509766327937e-06,7.908518287821471e-05
217,Arhgap9,7,1.869509766327937e-06,7.908518287821471e-05
218,Igsf6,7,1.869509766327937e-06,7.908518287821471e-05
219,Clps,7,1.869509766327937e-06,7.908518287821471e-05
220,Slc11a1,7,1.869509766327937e-06,7.908518287821471e-05
221,H2-DMa,7,1.869509766327937e-06,7.908518287821471e-05
222,Gm4902,7,1.869509766327937e-06,7.908518287821471e-05
223,Casp4,7,1.869509766327937e-06,7.908518287821471e-05
224,Car4,7,1.869509766327937e-06,7.908518287821471e-05
225,Oasl1,7,1.869509766327937e-06,7.908518287821471e-05
226,Nlrc5,7,1.869509766327937e-06,7.908518287821471e-05
227,Slc13a3,7,1.869509766327937e-06,7.908518287821471e-05
228,Rassf4,6,2.3611549685886857e-05,0.0006506668477725107
229,Smpdl3b,6,2.3611549685886857e-05,0.0006506668477725107
230,Cyp2a4,6,2.3611549685886857e-05,0.0006506668477725107
231,Fmnl1,6,2.3611549685886857e-05,0.0006506668477725107
232,Chi3l1,6,2.3611549685886857e-05,0.0006506668477725107
233,Gpr182,6,2.3611549685886857e-05,0.0006506668477725107
234,Clec4a3,6,2.3611549685886857e-05,0.0006506668477725107
235,Cxcl3,6,2.3611549685886857e-05,0.0006506668477725107
236,Ptprcap,6,2.3611549685886857e-05,0.0006506668477725107
237,Icam2,6,2.3611549685886857e-05,0.0006506668477725107
238,Csrp3,6,2.3611549685886857e-05,0.0006506668477725107
239,C1rl,6,2.3611549685886857e-05,0.0006506668477725107
240,Fgf9,6,2.3611549685886857e-05,0.0006506668477725107
241,Slitrk2,6,2.3611549685886857e-05,0.0006506668477725107
242,Syngr1,6,2.3611549685886857e-05,0.0006506668477725107
243,C5ar1,6,2.3611549685886857e-05,0.0006506668477725107
244,Gm8369,6,2.3611549685886857e-05,0.0006506668477725107
245,Ifi205,6,2.3611549685886857e-05,0.0006506668477725107
246,Fcer2a,6,2.3611549685886857e-05,0.0006506668477725107
247,Pgf,6,2.3611549685886857e-05,0.0006506668477725107
248,Cd3d,6,2.3611549685886857e-05,0.0006506668477725107
249,Dpep2,6,2.3611549685886857e-05,0.0006506668477725107
250,Cd38,6,2.3611549685886857e-05,0.0006506668477725107
251,Gda,6,2.3611549685886857e-05,0.0006506668477725107
252,Inhba,6,2.3611549685886857e-05,0.0006506668477725107
253,Trim30a,6,2.3611549685886857e-05,0.0006506668477725107
254,Epsti1,6,2.3611549685886857e-05,0.0006506668477725107
255,Cdc20,6,2.3611549685886857e-05,0.0006506668477725107
256,Ndufa4l2,6,2.3611549685886857e-05,0.0006506668477725107
257,Tmem79,6,2.3611549685886857e-05,0.0006506668477725107
258,Slc2a6,6,2.3611549685886857e-05,0.0006506668477725107
259,Ebf1,6,2.3611549685886857e-05,0.0006506668477725107
260,Spns2,6,2.3611549685886857e-05,0.0006506668477725107
261,Oas3,6,2.3611549685886857e-05,0.0006506668477725107
262,Vpreb3,6,2.3611549685886857e-05,0.0006506668477725107
263,Cd209f,6,2.3611549685886857e-05,0.0006506668477725107
264,1810021B22Rik,6,2.3611549685886857e-05,0.0006506668477725107
265,Pcsk1n,6,2.3611549685886857e-05,0.0006506668477725107
266,Cp,6,2.3611549685886857e-05,0.0006506668477725107
267,Ablim3,6,2.3611549685886857e-05,0.0006506668477725107
268,Gm12504,6,2.3611549685886857e-05,0.0006506668477725107
269,Rom1,6,2.3611549685886857e-05,0.0006506668477725107
270,Slfn4,6,2.3611549685886857e-05,0.0006506668477725107
271,Mocs1,6,2.3611549685886857e-05,0.0006506668477725107
272,Kdm5d,6,2.3611549685886857e-05,0.0006506668477725107
273,Lhfpl2,6,2.3611549685886857e-05,0.0006506668477725107
274,Fxyd2,6,2.3611549685886857e-05,0.0006506668477725107
275,1190002F15Rik,6,2.3611549685886857e-05,0.0006506668477725107
276,Tnf,6,2.3611549685886857e-05,0.0006506668477725107
277,Dem1,6,2.3611549685886857e-05,0.0006506668477725107
278,Zbtb12,6,2.3611549685886857e-05,0.0006506668477725107
279,Dtx4,6,2.3611549685886857e-05,0.0006506668477725107
280,Olfr613,6,2.3611549685886857e-05,0.0006506668477725107
281,Ccl24,6,2.3611549685886857e-05,0.0006506668477725107
282,H2-M2,6,2.3611549685886857e-05,0.0006506668477725107
283,Gm5069,6,2.3611549685886857e-05,0.0006506668477725107
284,Mr1,6,2.3611549685886857e-05,0.0006506668477725107
285,Cd83,6,2.3611549685886857e-05,0.0006506668477725107
286,Fyb,6,2.3611549685886857e-05,0.0006506668477725107
287,Abcc9,6,2.3611549685886857e-05,0.0006506668477725107
288,Spink3,6,2.3611549685886857e-05,0.0006506668477725107
289,Sostdc1,6,2.3611549685886857e-05,0.0006506668477725107
290,Nppa,6,2.3611549685886857e-05,0.0006506668477725107
291,Stx11,6,2.3611549685886857e-05,0.0006506668477725107
292,Acp5,6,2.3611549685886857e-05,0.0006506668477725107
293,Slc7a13,6,2.3611549685886857e-05,0.0006506668477725107
294,Ahsg,6,2.3611549685886857e-05,0.0006506668477725107
295,Fabp7,6,2.3611549685886857e-05,0.0006506668477725107
296,Tnni3,6,2.3611549685886857e-05,0.0006506668477725107
297,Itgb7,6,2.3611549685886857e-05,0.0006506668477725107
298,Tmem40,6,2.3611549685886857e-05,0.0006506668477725107
299,C1qtnf9,6,2.3611549685886857e-05,0.0006506668477725107
300,Skap1,6,2.3611549685886857e-05,0.0006506668477725107
301,AI662270,6,2.3611549685886857e-05,0.0006506668477725107
302,Egfl7,6,2.3611549685886857e-05,0.0006506668477725107
303,Pkib,6,2.3611549685886857e-05,0.0006506668477725107
304,Hcls1,6,2.3611549685886857e-05,0.0006506668477725107
305,Casp12,6,2.3611549685886857e-05,0.0006506668477725107
306,Itpr3,6,2.3611549685886857e-05,0.0006506668477725107
307,Prss2,6,2.3611549685886857e-05,0.0006506668477725107
308,Mmp8,6,2.3611549685886857e-05,0.0006506668477725107
309,Tubb3,6,2.3611549685886857e-05,0.0006506668477725107
310,Oasl2,6,2.3611549685886857e-05,0.0006506668477725107
311,Cyp2d12,6,2.3611549685886857e-05,0.0006506668477725107
312,1700019D03Rik,6,2.3611549685886857e-05,0.0006506668477725107
313,Clec7a,6,2.3611549685886857e-05,0.0006506668477725107
314,Ccl22,6,2.3611549685886857e-05,0.0006506668477725107
315,Ly6c2,6,2.3611549685886857e-05,0.0006506668477725107
316,H2-Q2,6,2.3611549685886857e-05,0.0006506668477725107
317,Dmkn,6,2.3611549685886857e-05,0.0006506668477725107
318,Fam26f,6,2.3611549685886857e-05,0.0006506668477725107
319,Ms4a4d,6,2.3611549685886857e-05,0.0006506668477725107
320,Was,6,2.3611549685886857e-05,0.0006506668477725107
321,Gmfg,6,2.3611549685886857e-05,0.0006506668477725107
322,Il2rg,6,2.3611549685886857e-05,0.0006506668477725107
323,Il7,6,2.3611549685886857e-05,0.0006506668477725107
324,Wdfy4,6,2.3611549685886857e-05,0.0006506668477725107
325,Colec11,6,2.3611549685886857e-05,0.0006506668477725107
326,Prr5,6,2.3611549685886857e-05,0.0006506668477725107
327,Sp110,6,2.3611549685886857e-05,0.0006506668477725107
328,Cyp2a5,6,2.3611549685886857e-05,0.0006506668477725107
329,Cyp4b1,6,2.3611549685886857e-05,0.0006506668477725107
330,Cd274,6,2.3611549685886857e-05,0.0006506668477725107
331,Cd93,6,2.3611549685886857e-05,0.0006506668477725107
332,Cd79a,6,2.3611549685886857e-05,0.0006506668477725107
333,Selp,6,2.3611549685886857e-05,0.0006506668477725107
334,Cpeb1,6,2.3611549685886857e-05,0.0006506668477725107
335,Clcf1,6,2.3611549685886857e-05,0.0006506668477725107
336,Aqp2,6,2.3611549685886857e-05,0.0006506668477725107
337,Comp,6,2.3611549685886857e-05,0.0006506668477725107
338,Cldn5,6,2.3611549685886857e-05,0.0006506668477725107
339,Rgs16,6,2.3611549685886857e-05,0.0006506668477725107
340,Serpina3n,6,2.3611549685886857e-05,0.0006506668477725107
341,Mgl2,6,2.3611549685886857e-05,0.0006506668477725107
342,Ciita,6,2.3611549685886857e-05,0.0006506668477725107
343,Spns3,6,2.3611549685886857e-05,0.0006506668477725107
344,Padi4,6,2.3611549685886857e-05,0.0006506668477725107
345,Cd52,6,2.3611549685886857e-05,0.0006506668477725107
346,Adamtsl5,6,2.3611549685886857e-05,0.0006506668477725107
347,Gimap5,6,2.3611549685886857e-05,0.0006506668477725107
348,Nat8,6,2.3611549685886857e-05,0.0006506668477725107
349,Flt1,6,2.3611549685886857e-05,0.0006506668477725107
350,Fam118a,5,0.00024593194127575657,0.003735454446621531
351,Mblac1,5,0.00024593194127575657,0.003735454446621531
352,Tigit,5,0.00024593194127575657,0.003735454446621531
353,Vill,5,0.00024593194127575657,0.003735454446621531
354,Rhof,5,0.00024593194127575657,0.003735454446621531
355,Mfsd7a,5,0.00024593194127575657,0.003735454446621531
356,Dusp4,5,0.00024593194127575657,0.003735454446621531
357,Src,5,0.00024593194127575657,0.003735454446621531
358,Rnls,5,0.00024593194127575657,0.003735454446621531
359,Itgb2,5,0.00024593194127575657,0.003735454446621531
360,Rab25,5,0.00024593194127575657,0.003735454446621531
361,Dusp14,5,0.00024593194127575657,0.003735454446621531
362,Card6,5,0.00024593194127575657,0.003735454446621531
363,Syk,5,0.00024593194127575657,0.003735454446621531
364,Tnnt2,5,0.00024593194127575657,0.003735454446621531
365,Arg2,5,0.00024593194127575657,0.003735454446621531
366,Mocos,5,0.00024593194127575657,0.003735454446621531
367,Rhbdl1,5,0.00024593194127575657,0.003735454446621531
368,Tusc1,5,0.00024593194127575657,0.003735454446621531
369,4930413G21Rik,5,0.00024593194127575657,0.003735454446621531
370,Lcp2,5,0.00024593194127575657,0.003735454446621531
371,Ngp,5,0.00024593194127575657,0.003735454446621531
372,Treml2,5,0.00024593194127575657,0.003735454446621531
373,Mapk13,5,0.00024593194127575657,0.003735454446621531
374,Ffar2,5,0.00024593194127575657,0.003735454446621531
375,Cdc42ep5,5,0.00024593194127575657,0.003735454446621531
376,Psmb9,5,0.00024593194127575657,0.003735454446621531
377,Plac8,5,0.00024593194127575657,0.003735454446621531
378,H2-Q10,5,0.00024593194127575657,0.003735454446621531
379,Slc22a12,5,0.00024593194127575657,0.003735454446621531
380,Adora2b,5,0.00024593194127575657,0.003735454446621531
381,Sesn2,5,0.00024593194127575657,0.003735454446621531
382,Zbtb32,5,0.00024593194127575657,0.003735454446621531
383,Reg3g,5,0.00024593194127575657,0.003735454446621531
384,Cd200r4,5,0.00024593194127575657,0.003735454446621531
385,Capsl,5,0.00024593194127575657,0.003735454446621531
386,BC064078,5,0.00024593194127575657,0.003735454446621531
387,Agmo,5,0.00024593194127575657,0.003735454446621531
388,Slc6a8,5,0.00024593194127575657,0.003735454446621531
389,Cd8a,5,0.00024593194127575657,0.003735454446621531
390,BC021785,5,0.00024593194127575657,0.003735454446621531
391,Mx2,5,0.00024593194127575657,0.003735454446621531
392,Prrg4,5,0.00024593194127575657,0.003735454446621531
393,Ssh1,5,0.00024593194127575657,0.003735454446621531
394,4930599N23Rik,5,0.00024593194127575657,0.003735454446621531
395,Cyp4a10,5,0.00024593194127575657,0.003735454446621531
396,2010204K13Rik,5,0.00024593194127575657,0.003735454446621531
397,Alyref2,5,0.00024593194127575657,0.003735454446621531
398,Crlf2,5,0.00024593194127575657,0.003735454446621531
399,Cbr2,5,0.00024593194127575657,0.003735454446621531
400,Mylpf,5,0.00024593194127575657,0.003735454446621531
401,Sox13,5,0.00024593194127575657,0.003735454446621531
402,Aldh3b1,5,0.00024593194127575657,0.003735454446621531
403,Olfm1,5,0.00024593194127575657,0.003735454446621531
404,Hs3st1,5,0.00024593194127575657,0.003735454446621531
405,Slc15a3,5,0.00024593194127575657,0.003735454446621531
406,Mmp23,5,0.00024593194127575657,0.003735454446621531
407,Kctd18,5,0.00024593194127575657,0.003735454446621531
408,Npr1,5,0.00024593194127575657,0.003735454446621531
409,Htra4,5,0.00024593194127575657,0.003735454446621531
410,Ociad2,5,0.00024593194127575657,0.003735454446621531
411,Abcb1b,5,0.00024593194127575657,0.003735454446621531
412,Cxcr5,5,0.00024593194127575657,0.003735454446621531
413,Serpinb1a,5,0.00024593194127575657,0.003735454446621531
414,Tnfsf13b,5,0.00024593194127575657,0.003735454446621531
415,Cyp2d22,5,0.00024593194127575657,0.003735454446621531
416,Rac2,5,0.00024593194127575657,0.003735454446621531
417,Clec1b,5,0.00024593194127575657,0.003735454446621531
418,Unc119,5,0.00024593194127575657,0.003735454446621531
419,Rasgrp2,5,0.00024593194127575657,0.003735454446621531
420,Csf1,5,0.00024593194127575657,0.003735454446621531
421,Wnt10a,5,0.00024593194127575657,0.003735454446621531
422,Fmo2,5,0.00024593194127575657,0.003735454446621531
423,Gata2,5,0.00024593194127575657,0.003735454446621531
424,Dand5,5,0.00024593194127575657,0.003735454446621531
425,Myo1f,5,0.00024593194127575657,0.003735454446621531
426,Tbc1d10c,5,0.00024593194127575657,0.003735454446621531
427,Ugt1a7c,5,0.00024593194127575657,0.003735454446621531
428,Ccdc126,5,0.00024593194127575657,0.003735454446621531
429,Hip1,5,0.00024593194127575657,0.003735454446621531
430,Trim30d,5,0.00024593194127575657,0.003735454446621531
431,St8sia4,5,0.00024593194127575657,0.003735454446621531
432,Ctu1,5,0.00024593194127575657,0.003735454446621531
433,Srpk3,5,0.00024593194127575657,0.003735454446621531
434,Clec4a1,5,0.00024593194127575657,0.003735454446621531
435,Icos,5,0.00024593194127575657,0.003735454446621531
436,Clec1a,5,0.00024593194127575657,0.003735454446621531
437,Ltf,5,0.00024593194127575657,0.003735454446621531
438,Mmp3,5,0.00024593194127575657,0.003735454446621531
439,Usp28,5,0.00024593194127575657,0.003735454446621531
440,Gpnmb,5,0.00024593194127575657,0.003735454446621531
441,C3,5,0.00024593194127575657,0.003735454446621531
442,Enc1,5,0.00024593194127575657,0.003735454446621531
443,Ceacam16,5,0.00024593194127575657,0.003735454446621531
444,Il1r2,5,0.00024593194127575657,0.003735454446621531
445,Glipr2,5,0.00024593194127575657,0.003735454446621531
446,Casp1,5,0.00024593194127575657,0.003735454446621531
447,Lat2,5,0.00024593194127575657,0.003735454446621531
448,Fam71a,5,0.00024593194127575657,0.003735454446621531
449,Pla1a,5,0.00024593194127575657,0.003735454446621531
450,Cd300a,5,0.00024593194127575657,0.003735454446621531
451,Fcrla,5,0.00024593194127575657,0.003735454446621531
452,Mndal,5,0.00024593194127575657,0.003735454446621531
453,Aqp3,5,0.00024593194127575657,0.003735454446621531
454,Tgtp2,5,0.00024593194127575657,0.003735454446621531
455,Rgs5,5,0.00024593194127575657,0.003735454446621531
456,Tcf15,5,0.00024593194127575657,0.003735454446621531
457,Ifi44,5,0.00024593194127575657,0.003735454446621531
458,Gpr116,5,0.00024593194127575657,0.003735454446621531
459,Dnase1l3,5,0.00024593194127575657,0.003735454446621531
460,Zfp213,5,0.00024593194127575657,0.003735454446621531
461,Prss16,5,0.00024593194127575657,0.003735454446621531
462,Usp18,5,0.00024593194127575657,0.003735454446621531
463,Gngt2,5,0.00024593194127575657,0.003735454446621531
464,Tmigd1,5,0.00024593194127575657,0.003735454446621531
465,Rbp7,5,0.00024593194127575657,0.003735454446621531
466,Cytip,5,0.00024593194127575657,0.003735454446621531
467,S1pr1,5,0.00024593194127575657,0.003735454446621531
468,Rtp4,5,0.00024593194127575657,0.003735454446621531
469,Miox,5,0.00024593194127575657,0.003735454446621531
470,Spib,5,0.00024593194127575657,0.003735454446621531
471,Snhg11,5,0.00024593194127575657,0.003735454446621531
472,Gbp2,5,0.00024593194127575657,0.003735454446621531
473,Cela2a,5,0.00024593194127575657,0.003735454446621531
474,Cdh5,5,0.00024593194127575657,0.003735454446621531
475,Slc39a4,5,0.00024593194127575657,0.003735454446621531
476,Alox5ap,5,0.00024593194127575657,0.003735454446621531
477,Hpse,5,0.00024593194127575657,0.003735454446621531
478,Krt84,5,0.00024593194127575657,0.003735454446621531
479,Aldh3b2,5,0.00024593194127575657,0.003735454446621531
480,L1cam,5,0.00024593194127575657,0.003735454446621531
481,Basp1,5,0.00024593194127575657,0.003735454446621531
482,Krt36,5,0.00024593194127575657,0.003735454446621531
483,Cacna1s,5,0.00024593194127575657,0.003735454446621531
484,AW112010,5,0.00024593194127575657,0.003735454446621531
485,Pdcd1,5,0.00024593194127575657,0.003735454446621531
486,Zpbp,5,0.00024593194127575657,0.003735454446621531
487,Prkar1b,5,0.00024593194127575657,0.003735454446621531
488,Zbtb25,5,0.00024593194127575657,0.003735454446621531
489,Kap,5,0.00024593194127575657,0.003735454446621531
490,Prss34,5,0.00024593194127575657,0.003735454446621531
491,Them5,5,0.00024593194127575657,0.003735454446621531
492,Cldn4,5,0.00024593194127575657,0.003735454446621531
493,Paqr4,5,0.00024593194127575657,0.003735454446621531
494,Krt24,5,0.00024593194127575657,0.003735454446621531
495,Gbp6,5,0.00024593194127575657,0.003735454446621531
496,Resp18,5,0.00024593194127575657,0.003735454446621531
497,Slfn10-ps,5,0.00024593194127575657,0.003735454446621531
498,Nt5e,5,0.00024593194127575657,0.003735454446621531
499,Sftpa1,5,0.00024593194127575657,0.003735454446621531
500,Zfp784,5,0.00024593194127575657,0.003735454446621531
501,D730005E14Rik,5,0.00024593194127575657,0.003735454446621531
502,Fam151a,5,0.00024593194127575657,0.003735454446621531
503,C2cd4b,5,0.00024593194127575657,0.003735454446621531
504,Upb1,5,0.00024593194127575657,0.003735454446621531
505,S100a8,5,0.00024593194127575657,0.003735454446621531
506,Krtdap,5,0.00024593194127575657,0.003735454446621531
507,Gm10548,5,0.00024593194127575657,0.003735454446621531
508,Upk1a,5,0.00024593194127575657,0.003735454446621531
509,Rps19-ps3,5,0.00024593194127575657,0.003735454446621531
510,Il2rb,5,0.00024593194127575657,0.003735454446621531
511,Ptx3,5,0.00024593194127575657,0.003735454446621531
512,Palm,5,0.00024593194127575657,0.003735454446621531
513,Prickle1,5,0.00024593194127575657,0.003735454446621531
514,Agt,5,0.00024593194127575657,0.003735454446621531
515,Prkcz,5,0.00024593194127575657,0.003735454446621531
516,Chst7,5,0.00024593194127575657,0.003735454446621531
517,Pdgfa,5,0.00024593194127575657,0.003735454446621531
518,Gprc5a,5,0.00024593194127575657,0.003735454446621531
519,Ifit1,5,0.00024593194127575657,0.003735454446621531
520,Urb1,5,0.00024593194127575657,0.003735454446621531
521,Ccdc109b,5,0.00024593194127575657,0.003735454446621531
522,Zfp462,5,0.00024593194127575657,0.003735454446621531
523,Sla2,5,0.00024593194127575657,0.003735454446621531
524,Bok,5,0.00024593194127575657,0.003735454446621531
525,H2-Ob,5,0.00024593194127575657,0.003735454446621531
526,Pcdh1,5,0.00024593194127575657,0.003735454446621531
527,Gbp3,5,0.00024593194127575657,0.003735454446621531
528,Azgp1,5,0.00024593194127575657,0.003735454446621531
529,Gchfr,5,0.00024593194127575657,0.003735454446621531
530,Tmem27,5,0.00024593194127575657,0.003735454446621531
531,H2-Q7,5,0.00024593194127575657,0.003735454446621531
532,Rarres2,5,0.00024593194127575657,0.003735454446621531
533,Apobec2,5,0.00024593194127575657,0.003735454446621531
534,Plac9,5,0.00024593194127575657,0.003735454446621531
535,Hirip3,5,0.00024593194127575657,0.003735454446621531
536,Niacr1,5,0.00024593194127575657,0.003735454446621531
537,Gm9733,5,0.00024593194127575657,0.003735454446621531
538,Cd53,5,0.00024593194127575657,0.003735454446621531
539,C1ra,5,0.00024593194127575657,0.003735454446621531
540,C1qtnf6,5,0.00024593194127575657,0.003735454446621531
541,Tmem71,5,0.00024593194127575657,0.003735454446621531
542,Gm15706,5,0.00024593194127575657,0.003735454446621531
543,C130036L24Rik,5,0.00024593194127575657,0.003735454446621531
544,Lmo1,5,0.00024593194127575657,0.003735454446621531
545,Cfb,5,0.00024593194127575657,0.003735454446621531
546,Ager,5,0.00024593194127575657,0.003735454446621531
547,Ppbp,5,0.00024593194127575657,0.003735454446621531
548,Apod,5,0.00024593194127575657,0.003735454446621531
549,Ppp1r1a,5,0.00024593194127575657,0.003735454446621531
550,Sdcbp2,5,0.00024593194127575657,0.003735454446621531
551,Alox12,5,0.00024593194127575657,0.003735454446621531
552,Pou5f2,5,0.00024593194127575657,0.003735454446621531
553,S100a14,5,0.00024593194127575657,0.003735454446621531
554,Slc52a3,5,0.00024593194127575657,0.003735454446621531
555,Fcgr4,5,0.00024593194127575657,0.003735454446621531
556,Slc28a3,5,0.00024593194127575657,0.003735454446621531
557,Mpl,5,0.00024593194127575657,0.003735454446621531
558,Slc13a1,5,0.00024593194127575657,0.003735454446621531
559,Oas1b,5,0.00024593194127575657,0.003735454446621531
560,Apoc1,5,0.00024593194127575657,0.003735454446621531
561,Nqo1,5,0.00024593194127575657,0.003735454446621531
562,Hoga1,5,0.00024593194127575657,0.003735454446621531
563,Cd247,5,0.00024593194127575657,0.003735454446621531
564,Grap,5,0.00024593194127575657,0.003735454446621531
565,Chst1,5,0.00024593194127575657,0.003735454446621531
566,Spn,5,0.00024593194127575657,0.003735454446621531
567,Pdzk1ip1,5,0.00024593194127575657,0.003735454446621531
568,Lrrc32,5,0.00024593194127575657,0.003735454446621531
569,Cxcr2,5,0.00024593194127575657,0.003735454446621531
570,C7,5,0.00024593194127575657,0.003735454446621531
571,Ms4a6b,5,0.00024593194127575657,0.003735454446621531
572,Dok3,5,0.00024593194127575657,0.003735454446621531
573,Irf7,5,0.00024593194127575657,0.003735454446621531
574,Ctla2a,5,0.00024593194127575657,0.003735454446621531
575,0610010O12Rik,5,0.00024593194127575657,0.003735454446621531
576,Sprr1a,5,0.00024593194127575657,0.003735454446621531
577,Oas1g,5,0.00024593194127575657,0.003735454446621531
578,Folr4,5,0.00024593194127575657,0.003735454446621531
579,Slfn1,5,0.00024593194127575657,0.003735454446621531
580,Itgb2l,5,0.00024593194127575657,0.003735454446621531
581,Scgb1a1,5,0.00024593194127575657,0.003735454446621531
582,Cldn2,5,0.00024593194127575657,0.003735454446621531
583,Slco2a1,5,0.00024593194127575657,0.003735454446621531
584,Pou2f2,5,0.00024593194127575657,0.003735454446621531
585,Podxl,5,0.00024593194127575657,0.003735454446621531
586,Fermt3,5,0.00024593194127575657,0.003735454446621531
587,Ace,5,0.00024593194127575657,0.003735454446621531
588,Hoxc4,5,0.00024593194127575657,0.003735454446621531
589,Treml4,5,0.00024593194127575657,0.003735454446621531
590,Tnfaip8l2,5,0.00024593194127575657,0.003735454446621531
591,Hmha1,5,0.00024593194127575657,0.003735454446621531
592,Dtx1,5,0.00024593194127575657,0.003735454446621531
593,Sell,5,0.00024593194127575657,0.003735454446621531
594,Slc38a5,5,0.00024593194127575657,0.003735454446621531
595,Siglecg,5,0.00024593194127575657,0.003735454446621531
596,Cdk1,5,0.00024593194127575657,0.003735454446621531
597,Itga4,5,0.00024593194127575657,0.003735454446621531
598,6330512M04Rik,5,0.00024593194127575657,0.003735454446621531
599,Slamf6,5,0.00024593194127575657,0.003735454446621531
600,Tmem171,5,0.00024593194127575657,0.003735454446621531
601,Sult5a1,5,0.00024593194127575657,0.003735454446621531
602,Ankrd22,5,0.00024593194127575657,0.003735454446621531
603,Fgl2,5,0.00024593194127575657,0.003735454446621531
604,Bcl2l14,5,0.00024593194127575657,0.003735454446621531
605,Slc7a4,5,0.00024593194127575657,0.003735454446621531
606,Chst2,5,0.00024593194127575657,0.003735454446621531
607,Oas2,5,0.00024593194127575657,0.003735454446621531
608,AF251705,5,0.00024593194127575657,0.003735454446621531
609,Alox5,5,0.00024593194127575657,0.003735454446621531
610,Hcst,5,0.00024593194127575657,0.003735454446621531
611,Tnfrsf18,5,0.00024593194127575657,0.003735454446621531
612,Syt7,5,0.00024593194127575657,0.003735454446621531
613,Zdhhc24,5,0.00024593194127575657,0.003735454446621531
614,6030408B16Rik,5,0.00024593194127575657,0.003735454446621531
615,Itgam,5,0.00024593194127575657,0.003735454446621531
616,Clic5,5,0.00024593194127575657,0.003735454446621531
617,Ctsg,5,0.00024593194127575657,0.003735454446621531
618,A530032D15Rik,5,0.00024593194127575657,0.003735454446621531
619,Nfam1,5,0.00024593194127575657,0.003735454446621531
620,Ncf1,5,0.00024593194127575657,0.003735454446621531
621,Lst1,5,0.00024593194127575657,0.003735454446621531
622,Lrrc26,5,0.00024593194127575657,0.003735454446621531
623,AB124611,5,0.00024593194127575657,0.003735454446621531
624,Mbnl3,5,0.00024593194127575657,0.003735454446621531
625,Cd8b1,5,0.00024593194127575657,0.003735454446621531
626,Osbpl7,5,0.00024593194127575657,0.003735454446621531
627,Neurl3,5,0.00024593194127575657,0.003735454446621531
628,Tmem51,5,0.00024593194127575657,0.003735454446621531
629,Ankrd1,5,0.00024593194127575657,0.003735454446621531
630,Cd300lf,5,0.00024593194127575657,0.003735454446621531
631,Prkcb,5,0.00024593194127575657,0.003735454446621531
632,Enpp6,5,0.00024593194127575657,0.003735454446621531
633,Slc4a8,5,0.00024593194127575657,0.003735454446621531
634,Eya2,5,0.00024593194127575657,0.003735454446621531
